Name,Date,Time,Latitude,Longitude,Magnetic Reading,Anomaly(nT),Correction_Diurnal,Altitude MSL(m),IGRF
base mag koople,11/29/2021,9:33:03,16.896265,79.15464333,42803,422,,305.5035409,43225
101,11/29/2021,9:41:32,16.878587,79.1716075,42805,420,5.22,0,43225
102,11/29/2021,9:58:09,16.898845,79.1557351,42890,335,9.86,0,43225
103,11/29/2021,10:01:32,16.895203,79.15844167,42656,569,16.24,287.5035673,43225
104,11/29/2021,10:04:21,16.888523,79.16305833,42982,243,17.98,286.474939,43225
105,11/29/2021,10:07:32,16.885755,79.16648667,42764,461,19.72,277.7652843,43225
106,11/29/2021,10:10:13,16.882212,79.169535,42833,392,20.3,277.450917,43225
107,11/29/2021,10:12:49,16.873242,79.1737236,42804,421,21.46,0,43225
108,11/29/2021,10:15:46,16.875678,79.17371167,42678,547,24.94,277.4222346,43225
109,11/29/2021,10:18:10,16.873137,79.17672833,42792,433,26.68,277.4130834,43225
110,11/29/2021,10:22:32,16.870953,79.178185,42450,775,27.84,277.3035547,43225
111,11/29/2021,10:24:24,16.870380,79.18244333,42840,385,29,276.9066839,43225
112,11/29/2021,10:26:23,16.867743,79.18545167,42786,439,31.32,275.6969577,43225
113,11/29/2021,10:29:15,16.868898,79.1878299,42793,432,31.9,0,43225
114,11/29/2021,10:31:44,16.861335,79.190545,42540,685,33.06,267.170028,43225
115,11/29/2021,10:34:15,16.859447,79.194825,42380,845,34.8,268.1660701,43225
116,11/29/2021,10:37:11,16.856307,79.19727,42777,448,36.54,266.5527419,43225
117,11/29/2021,10:39:14,16.854087,79.20131833,42870,355,39.44,276.0466223,43225
118,11/29/2021,10:41:08,16.852200,79.20563333,42620,605,41.18,273.5426493,43225
119,11/29/2021,10:43:57,16.855074,79.2015815,42675,550,43.5,0,43225
120,11/29/2021,10:47:06,16.851767,79.21513833,42530,695,45.82,264.753879,43225
121,11/29/2021,10:50:06,16.849775,79.2114532,42820,405,47.56,0,43225
122,11/29/2021,10:53:16,16.850537,79.22180333,42630,595,49.3,246.9567456,43225
123,11/29/2021,10:55:57,16.851933,79.22608333,42724,501,51.04,246.6703934,43225
124,11/29/2021,10:59:27,16.854335,79.22821167,42206,1019,5.22,252.6864198,43225
125,11/29/2021,11:02:19,16.851700,79.23136167,42203,1022,5.22,242.9766614,43225
126,11/29/2021,11:05:22,16.849703,79.23475167,42555,670,5.22,240.970679,43225
127,11/29/2021,11:07:58,16.847857,79.239305,42678,547,5.22,243.6671436,43225
128,11/29/2021,11:11:18,16.848365,79.243125,42205,1020,5.22,251.2753318,43225
129,11/29/2021,11:15:06,16.848377,79.24313,42644,581,5.22,251.2754022,43225
130,11/29/2021,11:34:08,16.842935,79.24678667,42660,565,5.22,-114.0489767,43225
131,11/29/2021,11:38:25,16.841082,79.252465,42527,698,5.22,243.3471788,43225
132,11/29/2021,11:40:07,16.840767,79.25302833,42250,975,5.22,243.3458515,43225
133,11/29/2021,11:42:50,16.840822,79.25665833,42420,805,5.22,243.8486454,43225
134,11/29/2021,11:45:07,16.838882,79.26602,42520,705,5.22,257.0444952,43225
135,11/29/2021,11:47:05,16.838408,79.27007167,42470,755,5.22,251.4446879,43225
136,11/29/2021,11:49:20,16.837923,79.27466167,42734,491,5.22,251.0451815,43225
137,11/29/2021,11:51:21,16.837682,79.27963333,42843,382,5.22,256.0472626,43225
138,11/29/2021,11:53:02,16.839670,79.28314333,42696,529,5.22,254.0605439,43225
139,11/29/2021,11:56:05,16.839847,79.2854578,42505,720,5.22,0,43225
140,11/29/2021,12:20:50,16.845073,79.28806167,42825,400,5.22,242.3935098,43225
141,11/29/2021,12:23:47,16.848882,79.28724333,42846,379,5.22,242.5137976,43225
142,11/29/2021,12:30:10,16.853240,79.28573833,42800,425,5.22,216.4366106,43225
143,11/29/2021,12:33:51,16.855710,79.28311167,42849,376,5.22,241.0482896,43225
144,11/29/2021,12:36:16,16.864953,79.3062391,42780,445,5.22,0,43225
145,11/29/2021,12:38:49,16.861765,79.27560833,42740,485,5.22,247.5761142,43225
146,11/29/2021,13:00:59,16.865880,79.27579167,42570,655,5.22,237.1987314,43225
147,11/29/2021,13:04:06,16.869715,79.27693833,42560,665,5.22,246.1205085,43225
148,11/29/2021,13:06:54,16.872132,79.27456,42631,594,5.22,239.4320118,43225
149,11/29/2021,13:11:20,16.870607,79.27061833,42637,588,5.22,243.7208585,43225
150,11/29/2021,13:14:11,16.870828,79.266705,42284,941,5.22,246.3192668,43225
151,11/29/2021,13:16:26,16.873102,79.26328667,42432,793,5.22,249.7292153,43225
507,,,16.918144,79.048217,42520,705,,,43225
508,,,16.920429,79.048408,42580,645,,,43225
509,,,16.924040,79.046314,42670,555,,,43225
152,11/29/2021,13:18:40,16.874485,79.26008,42789,436,5.22,246.434451,43225
153,11/29/2021,13:22:17,16.878537,79.25896,42701,524,5.22,254.2557211,43225
154,11/29/2021,13:26:14,16.880542,79.25444167,42500,725,5.22,265.7633683,43225
155,11/29/2021,13:29:17,16.879638,79.25100833,42583,642,5.22,262.055963,43225
156,11/29/2021,13:34:05,16.883358,79.24873167,42779,446,,140.4736023,43225
157,11/29/2021,13:37:54,16.886655,79.245655,42512,713,,252.4869866,43225
158,11/29/2021,13:40:52,16.890978,79.243345,42876,349,,255.2070527,43225
159,11/29/2021,13:44:24,16.894598,79.23975333,42414,811,,256.7213656,43225
160,11/29/2021,13:46:29,16.898445,79.23766833,42445,780,,260.3391202,43225
161,11/29/2021,13:48:34,16.901945,79.23492833,42676,549,,242.2539914,43225
162,11/29/2021,13:51:00,16.904512,79.23125333,42655,570,,257.4623767,43225
163,11/29/2021,13:53:28,16.908522,79.22962333,42189,1036,,266.5816243,43225
164,11/29/2021,13:56:25,16.911340,79.22651333,42235,990,,257.69217,43225
165,11/29/2021,13:59:02,16.949357,79.2022866,42257,968,,0,43225
166,11/29/2021,14:02:05,16.920590,79.22596333,42672,553,,274.0413381,43225
167,11/29/2021,14:04:17,16.923655,79.22541833,42812,413,,263.9570717,43225
168,11/29/2021,14:07:22,16.927407,79.220295,42688,537,,266.1694813,43225
169,11/29/2021,14:09:19,16.929732,79.21998,42401,824,,267.6815451,43225
170,11/29/2021,14:12:25,16.933982,79.22004667,42561,664,,268.1045844,43225
171,11/29/2021,14:14:14,16.937420,79.21985833,42720,505,,266.5228487,43225
174,11/29/2021,14:22:48,16.945207,79.207025,42450,775,,250.5448361,43225
,,,16.942334,79.211014,42290,935,,,43225
,,,16.941763,79.21425,42416,809,,,43225
175,11/29/2021,14:26:32,16.946942,79.20339833,42455,770,,260.6484965,43225
176,11/29/2021,14:31:27,16.948972,79.20034,42789,436,,263.0546125,43225
178,11/29/2021,15:24:28,16.953573,79.19075667,42832,393,,273.8642405,43225
180,11/29/2021,15:29:39,16.956982,79.18214333,42778,447,,271.3688988,43225
181,11/29/2021,15:31:25,16.959098,79.177785,42740,485,,276.1733157,43225
182,11/29/2021,15:48:26,16.965682,79.1603207,42831,394,,0,43225
183,11/29/2021,15:50:26,16.962895,79.16932333,42830,395,,270.0801497,43225
184,11/29/2021,15:52:47,16.964365,79.16527333,42792,433,,196.7815416,43225
185,11/29/2021,15:55:10,16.967463,79.160565,42774,451,,279.3905174,43225
186,11/29/2021,15:58:18,16.970437,79.15297,42546,679,,277.394177,43225
188,11/29/2021,16:04:57,16.971363,79.14421333,42603,622,,148.3850887,43225
189,11/29/2021,16:08:27,16.971150,79.13931833,42742,483,,280.5761362,43225
190,11/29/2021,16:10:25,16.971307,79.13486167,42412,813,,280.1698387,43225
191,11/29/2021,16:12:12,16.971545,79.1338621,42827,398,,0,43225
192,11/29/2021,16:13:57,16.971098,79.12467667,42520,705,,284.5524604,43225
193,11/29/2021,16:15:18,16.970387,79.12095833,42865,360,,280.6427779,43225
194,11/29/2021,16:18:12,16.969698,79.11678333,42512,713,,289.2324964,43225
195,11/29/2021,16:21:52,16.969802,79.11616667,42732,493,,296.1320542,43225
196,11/29/2021,16:24:58,16.971268,79.10638333,42423,802,,286.3241103,43225
197,11/29/2021,16:26:36,16.970925,79.10583,42765,460,,286.4214293,43225
198,11/29/2021,16:28:19,16.972515,79.097645,42850,375,,298.8166494,43225
199,11/29/2021,16:30:08,16.972662,79.09747167,42856,369,,299.8171376,43225
200,11/29/2021,16:31:50,16.976003,79.08891,42838,387,,305.720837,43225
201,11/29/2021,16:34:02,16.976358,79.08316167,42430,795,,306.5134543,43225
202,11/29/2021,16:37:57,16.975843,79.080105,42827,398,,301.0058698,43225
203,11/29/2021,16:39:45,16.977097,79.07584333,42564,661,,302.4055328,43225
204,11/29/2021,16:42:00,16.978892,79.07141167,42587,638,,307.3077142,43225
500,,,16.916577,79.164853,42682,543,,,43225
205,11/29/2021,16:44:19,16.978828,79.07135667,42786,439,,317.7072974,43225
206,11/30/2021,9:09:41,16.850822,79.09595,42850,375,,323.1789204,43225
501,,,16.926856,79.172182,42704,521,,,43225
502,,,16.929997,79.176465,42625,600,,,43225
503,,,16.932282,79.180177,42780,445,,,43225
base station,11/30/2021,9:16:50,16.850820,79.095945,42739,486,,311.0789046,43225
207,11/30/2021,9:19:00,16.851257,79.10033167,42838,387,,311.2874377,43225
208,11/30/2021,9:21:11,16.851688,79.105035,42773,452,,316.0964019,43225
209,11/30/2021,9:23:26,16.852122,79.11025667,42779,446,,306.8061204,43225
210,11/30/2021,9:25:05,16.852457,79.11446333,42744,481,,303.1138806,43225
211,11/30/2021,9:27:08,16.851235,79.11924333,42760,465,,306.8142884,43225
212,11/30/2021,9:29:16,16.849933,79.12331333,42652,573,,287.4132477,43225
213,11/30/2021,9:31:21,16.850040,79.12767333,42851,374,,289.6200174,43225
214,11/30/2021,9:33:20,16.851377,79.13185,42564,661,,289.2330092,43225
215,11/30/2021,9:35:20,16.850748,79.13609333,42720,505,,278.8357451,43225
216,11/30/2021,9:37:41,16.850715,79.13617167,42658,567,,279.7356809,43225
217,11/30/2021,9:40:24,16.842885,79.14236167,42344,881,,281.1031202,43225
218,11/30/2021,9:42:44,16.840832,79.14552833,42738,487,,277.1967359,43225
219,11/30/2021,9:47:10,16.836243,79.147825,42773,452,,278.4756906,43225
220,11/30/2021,9:49:49,16.833020,79.14961833,42834,391,,280.4611398,43225
221,11/30/2021,9:51:50,16.828918,79.15182667,42255,970,,277.7424972,43225
222,11/30/2021,9:54:56,16.825775,79.15559833,42387,838,,276.2310811,43225
223,11/30/2021,9:59:58,16.823252,79.15928667,42784,441,,269.1228073,43225
224,11/30/2021,10:03:07,16.820187,79.162245,42643,582,,268.9106198,43225
225,11/30/2021,10:04:30,16.820230,79.16233,42795,430,,272.4109674,43225
226,11/30/2021,10:06:54,16.809389,79.1768977,42580,645,,0,43225
227,11/30/2021,10:09:30,16.812228,79.17184667,42511,714,,254.8814826,43225
228,11/30/2021,10:11:29,16.812918,79.17252833,42834,391,,392.3860929,43225
229,11/30/2021,10:14:31,16.816682,79.17327167,42764,461,,237.7071684,43225
230,11/30/2021,10:16:58,16.814745,79.17667167,42663,562,,238.5015159,43225
231,11/30/2021,10:18:36,16.813760,79.17970667,42830,395,,239.700425,43225
232,11/30/2021,10:22:08,16.811953,79.18123333,42673,552,,241.4928699,43225
233,11/30/2021,10:24:45,16.811973,79.18128667,42789,436,,244.6930498,43225
234,11/30/2021,11:01:52,16.852925,79.09437833,42644,581,,310.3876513,43225
235,11/30/2021,11:04:24,16.856957,79.09687167,42460,765,,309.0122555,43225
236,11/30/2021,11:06:34,16.859265,79.10040833,42264,961,,313.0293873,43225
237,11/30/2021,11:08:53,16.862380,79.10431667,42688,537,,310.351297,43225
238,11/30/2021,11:21:39,16.867382,79.107095,42257,968,,236.9814827,43225
239,11/30/2021,11:24:53,16.867283,79.10677667,42734,491,,294.8805068,43225
240,11/30/2021,11:28:37,16.870870,79.09804833,42499,726,,301.4865871,43225
241,11/30/2021,11:31:46,16.871652,79.09362833,42475,750,,301.1842364,43225
242,11/30/2021,11:33:48,16.872637,79.08809667,42367,858,,296.5813156,43225
243,11/30/2021,11:35:56,16.874592,79.08471167,42764,461,,296.4865549,43225
244,11/30/2021,11:39:35,16.876842,79.08096667,42680,545,,298.0927817,43225
245,11/30/2021,11:41:53,16.876943,79.08084333,42403,822,,301.4931296,43225
246,11/30/2021,11:43:43,16.880918,79.07411,42186,1039,,300.4038973,43225
247,11/30/2021,11:46:18,16.885002,79.06966833,42450,775,,308.3185276,43225
248,11/30/2021,11:48:16,16.887273,79.06585667,42438,787,,305.2246632,43225
249,11/30/2021,11:50:27,16.887869,79.0593856,42710,515,,0,43225
250,11/30/2021,11:53:09,16.893404,79.0540889,42214,1011,,0,43225
251,11/30/2021,11:58:09,16.895575,79.051525,42786,439,,313.2462741,43225
252,11/30/2021,12:01:44,16.900363,79.05082333,42862,363,,312.869904,43225
253,11/30/2021,12:04:24,16.903993,79.05148,42751,474,,319.1895962,43225
254,11/30/2021,12:06:39,16.908737,79.05153167,42878,347,,318.0141219,43225
255,11/30/2021,12:08:28,16.911508,79.04947333,42338,887,,317.6252943,43225
256,11/30/2021,12:11:03,16.915930,79.04916167,42825,400,,304.547598,43225
257,11/30/2021,12:12:42,16.916427,79.04879667,42693,532,,314.6496015,43225
258,11/30/2021,12:15:06,16.926356,79.044554,42879,346,,0,43225
259,11/30/2021,12:17:11,16.927268,79.04276667,42681,544,,344.4961814,43225
260,11/30/2021,12:19:20,16.929722,79.04103667,42542,683,,345.1061333,43225
261,11/30/2021,12:21:26,16.934960,79.04141667,42776,449,,380.7336411,43225
262,11/30/2021,12:23:39,16.939888,79.03991167,42600,625,,361.2566331,43225
263,11/30/2021,12:25:11,16.942952,79.03969333,42706,519,,351.7720307,43225
264,11/30/2021,12:28:59,16.943068,79.03962667,42317,908,,345.4725262,43225
265,11/30/2021,12:31:19,16.949882,79.04146833,42620,605,,338.8104141,43225
267,11/30/2021,12:32:02,16.951805,79.04262,42624,601,,335.3221083,43225
266,11/30/2021,12:34:47,16.954940,79.04552167,42712,513,,337.442797,43225
268,11/30/2021,12:36:52,16.956396,79.0551482,42517,708,,0,43225
269,11/30/2021,12:39:10,16.962035,79.05010667,42535,690,,338.2865734,43225
271,11/30/2021,12:44:09,16.970670,79.05280667,42656,569,,333.4353762,43225
272,11/30/2021,12:46:33,16.974988,79.05358333,42524,701,,335.4588875,43225
273,11/30/2021,13:25:14,16.975953,79.06117167,42828,397,,334.8760463,43225
274,11/30/2021,13:28:35,16.971318,79.06329667,42465,760,,342.4554894,43225
275,11/30/2021,13:30:21,16.968173,79.064325,42888,337,,347.4408655,43225
276,11/30/2021,13:33:31,16.964378,79.06507167,42612,613,,339.6224216,43225
277,11/30/2021,13:35:44,16.962313,79.06656,42719,506,,344.914098,43225
278,11/30/2021,14:20:54,16.957228,79.06923667,42844,381,,333.3920037,43225
279,11/30/2021,14:23:26,16.954195,79.07186333,42600,625,,327.9804264,43225
280,11/30/2021,14:26:53,16.953532,79.07280667,42625,600,,325.078472,43225
281,11/30/2021,14:45:29,16.949677,79.07870167,42686,539,,300.167725,43225
282,11/30/2021,14:48:52,16.945197,79.07997,42670,555,,293.2464389,43225
283,11/30/2021,14:51:22,16.942717,79.083135,42771,454,,320.7384844,43225
284,11/30/2021,14:53:41,16.941577,79.084605,42878,347,,319.7348439,43225
285,11/30/2021,14:55:22,16.939087,79.08509167,42512,713,,319.3226468,43225
286,11/30/2021,14:57:22,16.935627,79.08667333,42769,456,,319.6070933,43225
287,11/30/2021,15:00:08,16.931157,79.089705,42797,428,,320.0884992,43225
288,11/30/2021,15:02:44,16.927928,79.09266667,42812,413,,316.776232,43225
289,11/30/2021,15:07:05,16.926292,79.09419,42642,583,,315.2700359,43225
290,11/30/2021,15:10:09,16.922028,79.09504333,42715,510,,316.4491036,43225
291,11/30/2021,15:14:10,16.920165,79.09787167,42735,490,,309.9436962,43225
292,11/30/2021,15:17:27,16.917060,79.10187833,42660,565,,302.4335776,43225
293,11/30/2021,15:21:09,16.913453,79.10431833,42798,427,,299.5184241,43225
294,11/30/2021,15:23:11,16.910640,79.10729333,42387,838,,301.9082059,43225
295,11/30/2021,15:35:47,16.912430,79.11036167,42712,513,,300.3222208,43225
296,11/30/2021,15:38:52,16.912533,79.11584167,42881,344,,297.5310592,43225
297,11/30/2021,15:41:38,16.910642,79.12059167,42887,338,,296.3283127,43225
298,11/30/2021,15:43:45,16.908420,79.12338833,42732,493,,297.0208586,43225
299,11/30/2021,15:46:07,16.907068,79.12766,42859,366,,297.4201859,43225
300,11/30/2021,15:48:32,16.905432,79.13303667,42602,623,,299.8196563,43225
301,11/30/2021,15:50:30,16.905395,79.13325333,42578,647,,291.5197888,43225
302,11/30/2021,15:52:34,16.902420,79.14057167,42847,378,,289.6150787,43225
303,11/30/2021,15:55:39,16.901192,79.14454,42377,848,,287.4145335,43225
304,11/30/2021,15:59:06,16.900728,79.14863333,42677,548,,284.6182113,43225
305,11/30/2021,16:03:22,16.903135,79.153565,42351,874,,282.7383523,43225
306,11/30/2021,16:06:49,16.906463,79.15573,42349,876,,278.8592552,43225
307,11/30/2021,16:09:46,16.910597,79.15784333,42576,649,,278.8843733,43225
308,11/30/2021,16:11:53,16.911887,79.158845,42572,653,,290.1927353,43225
309,11/30/2021,16:14:38,16.913777,79.16048167,42746,479,,291.1052497,43225
310,11/30/2021,16:17:47,16.921418,79.16667333,42671,554,,289.955289,43225
311,11/30/2021,16:20:03,16.924467,79.16969167,42770,455,,284.276128,43225
312,11/30/2021,16:23:12,16.942037,79.1878299,42773,452,,0,43225
314,11/30/2021,16:32:33,16.935970,79.1832456,42562,663,,0,43225
313,11/30/2021,16:37:06,16.936482,79.18347,42710,515,,273.7614363,43225
315,11/30/2021,16:38:54,16.936520,79.18346333,42578,647,,273.8616309,43225
316,11/30/2021,16:40:38,16.939152,79.18669,42455,770,,271.780704,43225
317,11/30/2021,16:43:40,16.942368,79.19071667,42628,597,,288.304179,43225
318,11/30/2021,16:46:08,16.945383,79.19402667,42811,414,,266.2254913,43225
Base point,12/1/2021,9:06:06,16.911002,79.1585571,42585,640,,0,43225
320,12/1/2021,9:44:52,16.954013,79.20453333,42486,739,,269.088278,43225
321,12/1/2021,9:46:50,16.956962,79.208195,42466,759,,280.8099021,43225
322,12/1/2021,9:49:21,16.960977,79.20973167,42334,891,,268.2339358,43225
323,12/1/2021,9:51:08,16.965937,79.20780333,42838,387,,283.3575627,43225
324,12/1/2021,9:53:00,16.970350,79.20567,42783,442,,288.5778955,43225
325,12/1/2021,10:03:10,16.980130,79.20752667,42716,509,,262.8334662,43225
326,12/1/2021,10:04:43,16.980350,79.207865,42841,384,,270.7351949,43225
327,12/1/2021,10:06:42,16.988003,79.20928333,42642,583,,270.9786662,43225
328,12/1/2021,10:08:33,16.991060,79.2107,42374,851,,277.7974203,43225
329,12/1/2021,10:11:49,16.992050,79.21527,42627,598,,281.3101924,43225
330,12/1/2021,10:14:33,16.989680,79.21766833,42239,986,,282.6013157,43225
331,12/1/2021,10:17:50,16.991379,79.2121582,42843,382,,0,43225
332,12/1/2021,10:20:01,16.991379,79.2121582,42389,836,,0,43225
333,12/1/2021,10:22:26,16.986758,79.23123167,42525,700,,307.0075431,43225
334,12/1/2021,10:26:20,16.993328,79.2488152,42447,778,,0,43225
335,12/1/2021,10:31:32,16.984495,79.23518167,42829,396,,283.6016816,43225
336,12/1/2021,10:35:33,16.983337,79.236715,42611,614,,259.5978828,43225
337,12/1/2021,10:39:04,16.981738,79.239485,42258,967,,278.6936884,43225
338,12/1/2021,10:42:31,16.970831,79.2502248,42432,793,,0,43225
339,12/1/2021,10:44:57,16.976080,79.24158,42751,474,,276.3663564,43225
340,12/1/2021,10:54:53,16.984547,79.23957667,42589,636,,298.3090715,43225
341,12/1/2021,10:57:12,16.985615,79.24297,42838,387,,292.420362,43225
342,12/1/2021,10:59:58,16.993328,79.2488152,42667,558,,0,43225
343,12/1/2021,11:03:40,16.987367,79.25298333,42740,485,,270.6437445,43225
344,12/1/2021,11:06:15,16.993328,79.2488152,42776,449,,0,43225
345,12/1/2021,11:08:38,16.983882,79.25680667,42531,694,,276.1279285,43225
346,12/1/2021,11:10:14,16.980742,79.25724833,42718,507,,277.3111893,43225
347,12/1/2021,11:12:19,17.009398,79.2223813,42764,461,,0,43225
348,12/1/2021,11:13:40,16.971400,79.25638,42726,499,,302.0596,43225
349,12/1/2021,11:16:47,16.966345,79.25706167,42208,1017,,285.3326204,43225
350,12/1/2021,11:18:14,16.964560,79.259715,42359,866,,285.7250365,43225
351,12/1/2021,11:20:33,16.958348,79.26012333,42882,343,,285.7915137,43225
352,12/1/2021,11:22:06,16.954505,79.26155333,42715,510,,278.8717074,43225
353,12/1/2021,11:23:48,16.949938,79.26378333,42863,362,,279.2485801,43225
354,12/1/2021,11:25:25,16.946157,79.26589,42697,528,,295.2296185,43225
355,12/1/2021,11:27:11,16.942172,79.267505,42440,785,,295.4091463,43225
356,12/1/2021,11:29:33,16.937060,79.2682,42697,528,,293.3817947,43225
358,12/1/2021,11:32:57,16.931400,79.2674642,42440,785,,0,43225
357,12/1/2021,11:37:28,16.928540,79.267825,42662,563,,270.3350078,43225
359,12/1/2021,11:39:18,16.928313,79.26788167,42533,692,,270.5338145,43225
360,12/1/2021,11:40:47,16.922877,79.26955,42729,496,,270.3054236,43225
361,12/1/2021,11:42:35,16.926596,79.2741847,42876,349,,0,43225
362,12/1/2021,11:44:25,16.912257,79.27594667,42811,414,,263.4522859,43225
363,12/1/2021,11:46:28,16.926596,79.2741847,42676,549,,0,43225
364,12/1/2021,11:48:13,16.905943,79.28043667,42840,385,,263.6211503,43225
365,12/1/2021,11:50:40,16.900965,79.28377,42748,477,,263.3964058,43225
510,,,16.917373,79.273015,42780,445,,,43225
511,,,16.896196,79.287768,42820,405,,,43225
366,12/1/2021,11:52:57,16.926596,79.2741847,42960,265,,0,43225
367,12/1/2021,11:54:44,16.926596,79.2741847,42289,936,,0,43225
368,12/1/2021,12:10:54,16.926596,79.2741847,42755,470,,0,43225
369,12/1/2021,12:15:38,16.887618,79.294865,42272,953,,247.63149,43225
370,12/1/2021,12:18:37,16.887612,79.294945,42371,854,,250.031512,43225
371,12/1/2021,12:21:56,16.879222,79.29999833,42838,387,,248.6891673,43225
372,12/1/2021,12:23:40,16.875745,79.30219667,42884,341,,249.2716717,43225
373,12/1/2021,12:25:45,16.871858,79.305375,42281,944,,232.2526123,43225
374,12/1/2021,12:27:30,16.864953,79.3062391,42940,285,,0,43225
375,12/1/2021,12:30:22,16.864953,79.3062391,42490,735,,0,43225
376,12/1/2021,12:33:54,16.860953,79.312475,42730,495,,244.7977257,43225
377,12/1/2021,12:36:06,16.856661,79.3425072,42744,481,,0,43225
378,12/1/2021,12:38:42,16.852727,79.315405,42660,565,,236.5545262,43225
379,12/1/2021,12:40:48,16.848438,79.31675333,42856,369,,240.2318648,43225
380,12/1/2021,12:43:00,16.844022,79.31766167,42262,963,,236.3081821,43225
381,12/1/2021,12:45:31,16.839525,79.31847833,42374,851,,243.2839883,43225
382,12/1/2021,12:50:27,16.835275,79.319305,42732,493,,244.7611526,43225
384,12/1/2021,12:57:56,16.830442,79.32027,42326,899,,235.1351912,43225
385,12/1/2021,15:42:28,16.868960,79.11144333,42345,880,,285.3960548,43225
386,12/1/2021,15:46:28,16.871295,79.11324833,42601,624,,279.510917,43225
387,12/1/2021,15:48:33,16.874698,79.11934,42111,1114,,280.5376521,43225
388,12/1/2021,15:50:24,16.876517,79.122285,42520,705,,281.2515078,43225
389,12/1/2021,15:52:41,16.880220,79.12851667,42500,725,,245.480118,43225
390,12/1/2021,15:54:05,16.881995,79.13074,42418,807,,281.6927319,43225
391,12/1/2021,15:56:43,16.882988,79.13175167,42172,1053,,281.8994537,43225
392,12/1/2021,15:59:16,16.888342,79.13800667,42604,621,,279.0369168,43225
393,12/1/2021,16:01:55,16.891690,79.14209833,42588,637,,271.2606639,43225
394,12/1/2021,16:10:13,16.894183,79.14547333,42218,1007,,274.678861,43225
395,12/1/2021,16:12:57,16.897360,79.1502519,42286,939,,0,43225
Base ,12/1/2021,16:19:53,16.907725,79.155215,42635,590,,280.1651713,43225
0,21/12/2015,,16.924120,79.11988,42591,1190,,,43781
1,21/12/2015,,16.937110,79.08549,42612,1169,,,43781
2,21/12/2015,,16.941650,79.07345,42551,1230,,,43781
3,21/12/2015,,16.934190,79.09322,42379,1402,,,43781
4,21/12/2015,,16.934840,79.09151,42325,1456,,,43781
5,21/12/2015,,16.932890,79.09666,42605,1176,,,43781
6,21/12/2015,,16.943280,79.06915,42609,1172,,,43781
7,21/12/2015,,16.942630,79.07087,42486,1295,,,43781
8,21/12/2015,,16.936460,79.0872,42633,1148,,,43781
9,21/12/2015,,16.859740,79.29003,42645,1136,,,43781
10,21/12/2015,,16.942950,79.07001,42652,1129,,,43781
11,21/12/2015,,16.933860,79.09409,42596,1185,,,43781
12,21/12/2015,,16.938730,79.08118,42623,1158,,,43781
13,21/12/2015,,16.936780,79.08635,42665,1116,,,43781
14,21/12/2015,,16.938410,79.08205,42714,1067,,,43781
15,21/12/2015,,16.933540,79.09494,42707,1074,,,43781
16,21/12/2015,,16.940030,79.07775,42681,1100,,,43781
17,21/12/2015,,16.939700,79.07861,42665,1116,,,43781
18,21/12/2015,,16.940350,79.07689,42600,1181,,,43781
19,21/12/2015,,16.937430,79.08463,42699,1082,,,43781
20,21/12/2015,,16.941000,79.07517,42622,1159,,,43781
21,21/12/2015,,16.937760,79.08377,42663,1118,,,43781
22,21/12/2015,,16.941330,79.07431,42662,1119,,,43781
23,21/12/2015,,16.942300,79.07173,42676,1105,,,43781
24,21/12/2015,,16.940680,79.07603,42630,1151,,,43781
25,21/12/2015,,16.933210,79.0958,42655,1126,,,43781
26,21/12/2015,,16.935160,79.09064,42690,1091,,,43781
27,21/12/2015,,16.935810,79.08893,42676,1105,,,43781
28,21/12/2015,,16.935490,79.08978,42663,1118,,,43781
29,21/12/2015,,16.939060,79.08033,42650,1131,,,43781
30,21/12/2015,,16.934510,79.09236,42640,1141,,,43781
31,21/12/2015,,16.936130,79.08807,42631,1150,,,43781
32,21/12/2015,,16.932900,79.0967,42568,1213,,,43781
33,21/12/2015,,16.932600,79.0975,42683,1098,,,43781
34,21/12/2015,,16.931910,79.09924,42715,1066,,,43781
35,21/12/2015,,16.932890,79.09666,42686,1095,,,43781
36,21/12/2015,,16.931260,79.10096,42547,1234,,,43781
37,21/12/2015,,16.930610,79.10268,42795,986,,,43781
38,21/12/2015,,16.931590,79.10011,42735,1046,,,43781
39,21/12/2015,,16.932240,79.09838,42724,1057,,,43781
40,21/12/2015,,16.928340,79.1087,42721,1060,,,43781
41,21/12/2015,,16.930940,79.10182,42715,1066,,,43781
42,21/12/2015,,16.929320,79.10612,42724,1057,,,43781
43,21/12/2015,,16.928990,79.10698,42725,1056,,,43781
44,21/12/2015,,16.928670,79.10784,42724,1057,,,43781
45,21/12/2015,,16.930290,79.10354,42781,1000,,,43781
46,21/12/2015,,16.928020,79.10956,42765,1016,,,43781
47,21/12/2015,,16.929970,79.1044,42780,1001,,,43781
47,21/12/2015,,16.925420,79.11644,42732,1049,,,43781
48,21/12/2015,,16.927690,79.11042,42734,1047,,,43781
49,22/12/2015,,16.924450,79.11902,42720,1061,,,43781
50,22/12/2015,,16.922820,79.12331,42715,1066,,,43781
51,22/12/2015,,16.923150,79.12245,42691,1090,,,43781
52,22/12/2015,,16.925750,79.11558,42540,1241,,,43781
53,22/12/2015,,16.922500,79.12418,42722,1059,,,43781
54,22/12/2015,,16.929640,79.10526,42738,1043,,,43781
55,22/12/2015,,16.923800,79.12074,42726,1055,,,43781
56,22/12/2015,,16.923470,79.1216,42733,1048,,,43781
57,22/12/2015,,16.926720,79.113,42727,1054,,,43781
60,22/12/2015,,16.926390,79.11386,42801,980,,,43781
61,22/12/2015,,16.925090,79.11729,42775,1006,,,43781
62,22/12/2015,,16.923100,79.1225,42734,1047,,,43781
63,22/12/2015,,16.927370,79.11128,42722,1059,,,43781
64,22/12/2015,,16.927040,79.11214,42656,1125,,,43781
65,22/12/2015,,16.915030,79.14394,42747,1034,,,43781
66,22/12/2015,,16.924770,79.11816,42734,1047,,,43781
67,22/12/2015,,16.914700,79.14481,42703,1078,,,43781
68,22/12/2015,,16.913730,79.14738,42686,1095,,,43781
69,22/12/2015,,16.917950,79.13621,42702,1079,,,43781
70,22/12/2015,,16.921200,79.12761,42704,1077,,,43781
71,22/12/2015,,16.915350,79.14309,42674,1107,,,43781
71,22/12/2015,,16.918600,79.13449,42667,1114,,,43781
72,22/12/2015,,16.917300,79.13793,42702,1079,,,43781
73,22/12/2015,,16.921520,79.12675,42681,1100,,,43781
74,22/12/2015,,16.919900,79.13105,42712,1069,,,43781
75,22/12/2015,,16.912100,79.15169,42676,1105,,,43781
76,22/12/2015,,16.920220,79.1302,42678,1103,,,43781
77,22/12/2015,,16.912430,79.15083,42687,1094,,,43781
78,22/12/2015,,16.912750,79.14996,42681,1100,,,43781
79,22/12/2015,,16.913400,79.14825,42689,1092,,,43781
80,22/12/2015,,16.922170,79.12503,42701,1080,,,43781
81,22/12/2015,,16.916700,79.1396,42681,1100,,,43781
82,22/12/2015,,16.921850,79.12589,42682,1099,,,43781
83,22/12/2015,,16.922500,79.12418,42676,1105,,,43781
84,22/12/2015,,16.916000,79.14137,42687,1094,,,43781
85,22/12/2015,,16.914050,79.14652,42669,1112,,,43781
86,22/12/2015,,16.919570,79.13191,42667,1114,,,43781
87,22/12/2015,,16.920550,79.12933,42667,1114,,,43781
87,22/12/2015,,16.916980,79.13879,42604,1177,,,43781
88,22/12/2015,,16.913080,79.1491,42690,1091,,,43781
89,22/12/2015,,16.918920,79.13363,42670,1111,,,43781
89,22/12/2015,,16.918280,79.13535,42661,1120,,,43781
90,23/12/2015,,16.916330,79.14051,42660,1121,,,43781
91,23/12/2015,,16.914380,79.14567,42674,1107,,,43781
92,23/12/2015,,16.917630,79.13707,42646,1135,,,43781
93,23/12/2015,,16.919250,79.13277,42646,1135,,,43781
95,23/12/2015,,16.909180,79.15942,42665,1116,,,43781
96,23/12/2015,,16.891630,79.20583,42664,1117,,,43781
97,23/12/2015,,16.901700,79.17919,42729,1052,,,43781
98,23/12/2015,,16.894880,79.19724,42655,1126,,,43781
99,23/12/2015,,16.903010,79.17575,42500,1281,,,43781
100,23/12/2015,,16.900730,79.18177,42612,1169,,,43781
101,23/12/2015,,16.902360,79.17747,42653,1128,,,43781
102,23/12/2015,,16.906260,79.16715,42540,1241,,,43781
103,23/12/2015,,16.891950,79.20497,42335,1446,,,43781
104,23/12/2015,,16.909830,79.1577,42480,1301,,,43781
105,23/12/2015,,16.911780,79.15254,42502,1279,,,43781
106,23/12/2015,,16.910150,79.15684,42698,1083,,,43781
107,23/12/2015,,16.897150,79.19122,42734,1047,,,43781
108,23/12/2015,,16.908530,79.16114,42721,1060,,,43781
109,23/12/2015,,16.897800,79.18951,42745,1036,,,43781
110,23/12/2015,,16.896830,79.19209,42721,1060,,,43781
111,23/12/2015,,16.901050,79.18091,42656,1125,,,43781
112,23/12/2015,,16.899760,79.18435,42688,1093,,,43781
113,23/12/2015,,16.892930,79.20239,42713,1068,,,43781
114,23/12/2015,,16.920870,79.12847,42701,1080,,,43781
115,23/12/2015,,16.905930,79.16801,42709,1072,,,43781
116,23/12/2015,,16.900410,79.18262,42703,1078,,,43781
117,23/12/2015,,16.896500,79.19294,42699,1082,,,43781
118,23/12/2015,,16.909500,79.15856,42717,1064,,,43781
119,23/12/2015,,16.907230,79.16458,42703,1078,,,43781
120,23/12/2015,,16.895850,79.19466,42706,1075,,,43781
121,23/12/2015,,16.906580,79.1663,42705,1076,,,43781
122,23/12/2015,,16.903980,79.17317,42699,1082,,,43781
123,23/12/2015,,16.896180,79.1938,42693,1088,,,43781
124,23/12/2015,,16.901700,79.17919,42694,1087,,,43781
126,23/12/2015,,16.892280,79.20412,42704,1077,,,43781
127,23/12/2015,,16.901400,79.18,42611,1170,,,43781
128,23/12/2015,,16.900080,79.18349,42738,1043,,,43781
129,23/12/2015,,16.899100,79.18607,42741,1040,,,43781
130,23/12/2015,,16.901380,79.18005,42727,1054,,,43781
131,23/12/2015,,16.899430,79.1852,42683,1098,,,43781
132,23/12/2015,,16.904300,79.17232,42691,1090,,,43781
133,23/12/2015,,16.904630,79.17146,42577,1204,,,43781
134,23/12/2015,,16.893580,79.20068,42693,1088,,,43781
135,23/12/2015,,16.908850,79.16028,42576,1205,,,43781
136,23/12/2015,,16.905280,79.16974,42571,1210,,,43781
137,23/12/2015,,16.903650,79.17403,42687,1094,,,43781
138,23/12/2015,,16.902030,79.17833,42703,1078,,,43781
139,23/12/2015,,16.898130,79.18864,42680,1101,,,43781
140,23/12/2015,,16.906900,79.16544,42712,1069,,,43781
141,23/12/2015,,16.895200,79.19638,42746,1035,,,43781
142,23/12/2015,,16.902680,79.17661,42709,1072,,,43781
143,23/12/2015,,16.894230,79.19896,42680,1101,,,43781
144,23/12/2015,,16.892600,79.20325,42674,1107,,,43781
145,23/12/2015,,16.911130,79.15427,42622,1159,,,43781
146,23/12/2015,,16.897480,79.19036,42684,1097,,,43781
147,23/12/2015,,16.910800,79.15512,42704,1077,,,43781
148,23/12/2015,,16.910480,79.15598,42717,1064,,,43781
149,23/12/2015,,16.911450,79.1534,42683,1098,,,43781
150,23/12/2015,,16.893900,79.1998,42684,1097,,,43781
151,23/12/2015,,16.895610,79.194742,42705,1076,,,43781
152,23/12/2015,,16.895124,79.195399,42691,1090,,,43781
153,23/12/2015,,16.895200,79.1964,42641,1140,,,43781
154,23/12/2015,,16.894900,79.1972,42720,1061,,,43781
155,23/12/2015,,16.894600,79.1981,42718,1063,,,43781
156,23/12/2015,,16.893900,79.19971,42702,1079,,,43781
,23/12/2015,,16.893900,79.19971,42718,1063,,,43781
